epoch,step,loss,lr,time_ms,tokens_per_sec
1,2,2.244579,0.000003,131,5365.19
2,4,2.242626,0.000009,130,5389.90
3,6,2.236364,0.000015,131,5362.37
4,8,2.225995,0.000021,129,5432.51
5,10,2.211644,0.000027,128,5465.77
6,12,2.193440,0.000033,130,5398.95
7,14,2.171509,0.000039,133,5291.44
8,16,2.145979,0.000045,130,5393.08
9,18,2.117000,0.000051,133,5285.55
10,20,2.084783,0.000057,133,5263.27
